term,score
business,20.626234871327384
marketing,16.529059666724006
design,14.870615825200845
data,13.62769598478035
instagram,13.31426162930127
microsoft,12.784643419059476
presentasi,12.545600773037465
menulis,12.226824572433575
dress,11.843428063797951
excel,11.065356432081535
seo,10.08036028599178
teknik,9.559462075846685
fashion,9.372511207480631
pattern,9.252218770562962
biologi,8.828101508059136
writing,8.608328113673442
google,8.524449491639828
desain,8.311154519028339
chef,8.24999959374332
bakery,8.14154039317988
ipa,8.079443657651433
geografi,8.0
minim,7.838253922973257
paint,7.804392679180061
matematika,7.748885216413947
apply,7.564808943796131
english,7.534656588742088
manajemen,7.529079740759768
fisika,7.506747005998292
sosiologi,7.43837530747764
indonesia,7.390315283048761
muda,7.3459340243801785
html,7.248641604144461
centerpiece,7.198106453868583
iklan,7.194857551038557
video,7.117627004235819
cikal,7.003020962518214
sd,7.0
css,6.841044047598679
seorang,6.7939152556503295
academic,6.752795842723535
berjualan,6.708294532579588
penjualan,6.679676075883715
efektif,6.676935806747978
jualan,6.581405540489558
pengetahuan,6.518674766816411
kimia,6.51418081002792
draw,6.490274358379169
painting,6.459135077733454
agama,6.3861187356008
ekonomi,6.346880108865622
profesional,6.261932933348874
thinking,6.256820337905786
jacket,6.161387614304002
shirt,6.1425350742461315
penghasilan,6.135147332876816
draping,6.0901259065477875
sewing,6.0901259065477875
konten,6.051867186133821
custom,6.046926332465125
master,6.003885169206552
dalam,5.933670682262092
memulai,5.874755084107569
melalui,5.865526679078229
bouquet,5.847665670473743
sales,5.842727657947929
kamal,5.835641345716316
create,5.833801566916417
ips,5.795020735021797
kopi,5.78940917630586
analisa,5.764126083271772
interview,5.762755605765529
mudah,5.75894398444541
xi,5.709936619790634
morning,5.541648464945798
ads,5.522434102692007
wrapped,5.453186968686302
sekolah,5.437666171777424
illustration,5.42916992438677
bulan,5.3399596398883
keterampilan,5.287890588473117
sekolahmu,5.270220251280464
praktis,5.228543236162147
bersama,5.223769145466128
brush,5.214828637337445
afternoon,5.183585780995466
specialization,5.171032073242323
pengaturan,5.006014883460763
pending,4.96128183225856
draft,4.96128183225856
earing,4.949747468305834
handmade,4.949747468305834
ala,4.94361436409336
pengenalan,4.88423710894906
lettering,4.883607029251932
pen,4.883607029251932
payet,4.852728133873125
tabur,4.852728133873125
shibori,4.850435969205943
jadi,4.80491226735873
keuangan,4.74063255303067
try,4.6663381460097515
skb,4.6663381460097515
out,4.6663381460097515
pudding,4.663902273928093
canvas,4.662927249236301
kreatif,4.659698648775475
keju,4.639740649017276
technique,4.627203659404968
size,4.627203659404968
beading,4.627203659404968
ix,4.603036096129416
beginner,4.59643112916873
jepang,4.562599026029227
siap,4.5584865741907725
korean,4.4919864373445195
acrylic,4.462099877797764
sosial,4.436604954721615
programming,4.364836953342195
tk,4.327032340370586
laporan,4.315570890367315
tie,4.3018802035407635
bow,4.3018802035407635
vocabulary,4.242640687119286
practice,4.242640687119286
builder,4.242640687119286
pronunciation,4.242640687119286
brand,4.231926178659225
earn,4.2153992346185785
bsp,4.2153992346185785
funding,4.2153992346185785
makanan,4.197719822337645
paud,4.171815867562301
cropped,4.149586800207536
futuristic,4.149586800207536
science,4.10717146999229
modern,4.091571241233001
package,4.089764761498096
ielts,4.07251004508618
editing,4.069256561616328
pelayanan,4.054768183064853
front,4.007472057600949
lewat,3.981606343087191
pertama,3.9569543011771513
cafe,3.952639047383162
leonardo,3.9486326200198185
albert,3.9486326200198185
mengembangkan,3.9395466959249434
from,3.913804437687718
smk,3.8525062760636897
fundamental,3.845242887081758
viii,3.8411155151545904
toeic,3.737027717561896
barista,3.7368963472901493
wordpress,3.6775488619376375
south,3.6680076674918243
busana,3.6680076674918243
management,3.6511139270704365
seller,3.620005142035158
top,3.620005142035158
graphic,3.606518155478456
komunikasi,3.600219071120662
tote,3.598683925957283
bag,3.598683925957283
ecoprint,3.598683925957283
pengantar,3.58634737244532
kuasai,3.585075254844236
dimensional,3.5796244636595462
sketch,3.5796244636595462
menyusun,3.5562085172876343
penulisan,3.5500959363465125
homemade,3.548544502938722
cheesemaking,3.548544502938722
analytics,3.5465445697855484
speaking,3.53812958639721
olahan,3.5355339059327373
yogurt,3.5355339059327373
culotte,3.5355339059327373
pants,3.5355339059327373
social,3.522634036336351
by,3.515764622031195
meraih,3.5005593590050665
windows,3.499703693240774
sebuah,3.4735436541101734
kilat,3.397225965051888
storyboard,3.3934358647339513
natural,3.392621411961609
soap,3.392621411961609
ux,3.379732805309327
hadi,3.3539719802060417
mendatangkan,3.335779456423388
konsumen,3.335779456423388
service,3.3354617053805846
visualization,3.3333465376110496
keperluan,3.3174879936501798
merdeka,3.3170609970723812
wirausaha,3.306272022208465
boost,3.3052361035090634
maximize,3.3052361035090634
produk,3.299358319643127
clay,3.2776320488455997
art,3.261629073612321
jasa,3.2610327681421616
body,3.2553187169820585
hukum,3.2526820532337464
wawancara,3.1944859094956732
project,3.189083201424765
diri,3.1653509162691185
surabaya,3.1617151953268436
yuliana,3.1617151953268436
lapis,3.1617151953268436
machine,3.1442796264864676
word,3.1430116030512245
peminatan,3.1237696502200487
hindu,3.1230360801666763
kualitas,3.1124603485671862
production,3.1058765590542894
membentuk,3.0809747775891507
pendanaan,3.0801157016998264
develop,3.0750012984274067
job,3.0510538607683575
covid,3.0440422714076476
tim,3.0337908033030088
office,3.0330075928324343
menghitung,3.014185082207252
leadership,3.0
rumah,2.9958446716925136
strategi,2.9895314868825102
desktop,2.9737673515161043
public,2.9712624650213186
pjok,2.9684194987742054
seni,2.9661783532868564
budaya,2.9526367368812085
ke,2.93648285194316
prima,2.934009757253672
juta,2.8973836383955573
using,2.862131994121549
melamar,2.8403417203574417
bisnismu,2.837727592095308
soal,2.826396686027221
dapat,2.825638054865113
pastry,2.8127649635038203
fotografi,2.7831213189774484
photography,2.7817235505925266
area,2.777598400668988
masterclass,2.772830839478255
ojek,2.7567239302165936
pengemudi,2.7567239302165936
pemasaran,2.7117553807321064
small,2.700513948581463
colorful,2.700513948581463
impressionism,2.7000533632316537
watercolor,2.7000533632316537
peracik,2.6960337446146956
transaksi,2.683673728157592
stencil,2.671903257730161
hoodie,2.671903257730161
meningkatkan,2.655649312700578
teknologi,2.653620626755686
tingkatkan,2.6499621226937844
tips,2.64809160138567
understand,2.6475205800489654
email,2.6471246410816733
bagi,2.643935698355529
mulai,2.6436952536835285
support,2.635644995952937
legal,2.6278552291796156
designer,2.6250775636410215
pelatihan,2.6240798136221475
shopee,2.619661561309566
tokopedia,2.619661561309566
pembuatan,2.612451614974932
can,2.6100499674799886
islam,2.5971247365869274
web,2.5869617955149993
era,2.585710529395849
pariwisata,2.5856776521698768
bicara,2.5561893393619513
kas,2.548588836298224
arus,2.548588836298224
adobe,2.5371599735883086
essentials,2.5365720848389453
umum,2.535230620827004
style,2.5262673587571958
advance,2.51796715640662
mc,2.504190086733996
tepat,2.500168390088634
sashimi,2.5
dessert,2.5
bentuk,2.5
sushi,2.5
weekly,2.4882430083761093
tes,2.4715054384465134
latihan,2.4715054384465134
staff,2.4358718394368375
bunding,2.4309970493462574
informasi,2.4025380355462977
toefl,2.395954305456109
scratch,2.391153129317031
abaya,2.391153129317031
user,2.372453995610278
experience,2.372453995610278
model,2.3689376250778094
commerce,2.36491658092247
shopping,2.36491658092247
fresh,2.360328448934609
alpukat,2.352604271805861
avocado,2.352604271805861
blogger,2.3167886405047873
fermented,2.309401076758503
cabbage,2.309401076758503
binding,2.309401076758503
notebook,2.309401076758503
japanese,2.309401076758503
sauerkraut,2.309401076758503
pembangunan,2.2947428815398
customer,2.2929260893726684
virus,2.2725057210268917
corona,2.2725057210268917
pemimpin,2.2525497980911346
canva,2.2524966234035566
deer,2.2438521932357607
kristen,2.2272363924251675
menjahit,2.2252360271971265
part,2.2221673117485587
tahun,2.211228697405787
liners,2.211228697405787
sculpting,2.211228697405787
menjual,2.20593160782102
kampus,2.205491920242485
kampanye,2.2005782488225867
pekerti,2.191847706867075
budi,2.191847706867075
prinsip,2.186286056546414
jelly,2.1861281972172852
sketches,2.1861281972172852
mandarin,2.1657798677946705
content,2.161483642996899
necklace,2.121320343559643
wire,2.121320343559643
crochet,2.121320343559643
ateliers,2.121320343559643
cream,2.121320343559643
coaster,2.121320343559643
soup,2.121320343559643
bodice,2.121320343559643
bagaimana,2.103888551747011
development,2.0855123417256376
perencanaan,2.084253499768364
pelanggan,2.067987340677854
keluarga,2.0678066550983787
its,2.0651400335915215
strategy,2.0611322559062617
tingkat,2.0495553993412363
intelligence,2.04133204853797
sutera,2.040598834659724
rasa,2.040598834659724
silky,2.040598834659724
siu,2.040598834659724
erl,2.040598834659724
cake,2.0405454011579565
pelaku,2.0397987739155883
build,2.0331951623084583
grammar,2.0308907806970526
android,2.020147816693995
professional,2.0009759906509785
sneakers,1.994575609025262
big,1.99128200523029
survive,1.9827162490400223
videografer,1.981136311053251
ceremony,1.9764217489664015
mengelola,1.9737126342130307
abad,1.9583995313471212
market,1.9403625397190005
validate,1.9403625397190005
aplikasi,1.9397016262484965
arrangement,1.9190946026290854
flower,1.9190946026290854
umkm,1.9132466215495392
ccna,1.9119281516594837
photoshop,1.9103996491400315
problem,1.9023852342021927
anda,1.8983615532169036
cisco,1.8941534629007934
negeri,1.8907908716686515
cv,1.8797271973660397
atau,1.8702631669220113
communication,1.8651927939100204
apps,1.8602427611186
berkenalan,1.857717352188852
bencana,1.8482681977533506
scrub,1.8461908685287836
women,1.8256511611014803
sew,1.8256511611014803
manage,1.825155028677858
seri,1.8244960684174871
depan,1.7960490749554796
act,1.7913433228152325
calisthenics,1.7913433228152325
coding,1.7885487259839987
dunia,1.783156426564392
sabadirman,1.779963533422491
adi,1.779963533422491
creator,1.7744691132237551
pramusaji,1.7700489119984308
pencatatan,1.7667925704563885
akuntansi,1.7667925704563885
akuntasi,1.7511817869065687
finansial,1.7511817869065687
increase,1.7404002305057351
presence,1.7404002305057351
kemampuan,1.7362592753560244
melakukan,1.7353805287107846
merancang,1.7347878142782154
grafis,1.7248343976072076
berpikir,1.7174813017552026
tulisan,1.7139000975364183
menguasai,1.7129905028747834
surviving,1.7065469737169066
industry,1.7065469737169066
persiapan,1.6957883765420674
secara,1.6957029141032613
paket,1.6892090383884986
nasional,1.6889443804541164
ujian,1.6889443804541164
marketer,1.684798450188945
telepon,1.682539080619541
terlengkap,1.6712723964504494
tryout,1.6712723964504494
negosiasi,1.6693559697009626
agar,1.6610331289238354
memilih,1.657121072560663
via,1.6562435160269575
grow,1.653638860019169
biaya,1.6491840012150831
konfigurasi,1.6476456316767734
foto,1.6276604804319887
jitu,1.60581485286002
bareng,1.6024766022178056
dapur,1.597762891805094
troubleshooting,1.5943120310811785
it,1.5943120310811785
perbankan,1.5934434495271481
menambah,1.5840900979070578
tambahan,1.5840900979070578
student,1.5817359236364186
college,1.5817359236364186
kita,1.5753734507306822
poster,1.5725107556177194
pencari,1.5627825813404148
program,1.5526115874577604
rahasia,1.5430307694775358
yongki,1.5372206637896408
ayam,1.5372206637896408
dijual,1.5372206637896408
kroket,1.5372206637896408
intro,1.5287658272133056
emotional,1.5238506405467085
karyawan,1.5019438805180259
pengajaran,1.500131830084883
sabun,1.5
jus,1.5
alami,1.5
segar,1.5
coloring,1.485654114500899
financial,1.4833783569029444
menghasilkan,1.476585779206482
full,1.4708828356444892
animation,1.4665638739014224
orang,1.4613211106036788
surat,1.4608646596287462
rupiah,1.457192168408987
power,1.4254501398272819
melindungi,1.4243289932459977
illustrator,1.422950275858542
bandung,1.4189392984565057
rumahan,1.4144926559757407
invest,1.414213562373095
stock,1.414213562373095
smpn,1.414213562373095
penjas,1.414213562373095
anak,1.4121845715376309
creature,1.410198246733713
branding,1.4084733447016196
cold,1.3865529424872358
ingredients,1.3865529424872358
process,1.3865529424872358
raih,1.3864948033133766
millenials,1.377519452341117
kalung,1.363542436413787
dry,1.363542436413787
mermaid,1.363542436413787
air,1.363542436413787
lamaran,1.354231237901247
syariah,1.3527217147773736
warung,1.3506240760653028
price,1.3481183652069206
set,1.3481183652069206
mengenai,1.340633193768751
character,1.3394075349553807
kacang,1.3353759928743272
healthy,1.3353759928743272
sajian,1.3353759928743272
sehat,1.3353759928743272
salad,1.3353759928743272
salada,1.3353759928743272
peanut,1.3353759928743272
code,1.3274663476554844
youtuber,1.3210834774796
mipa,1.3164305434492738
growth,1.3146907552317644
finance,1.3146907552317644
kesehatan,1.312032624828333
you,1.3058275244232473
pesan,1.3042253617757915
berbicara,1.2946020365311477
heart,1.292061618129641
winning,1.292061618129641
owners,1.2908874178306022
mastering,1.2908874178306022
managers,1.2908874178306022
vii,1.2804417916476851
skd,1.2733423463665179
yunina,1.2733423463665179
studio,1.2720348425888215
mana,1.2701537346900644
saja,1.2701537346900644
fasilitator,1.268046945573266
flow,1.2642842210206824
pun,1.2642842210206824
berasuransi,1.2642842210206824
cash,1.2642842210206824
aman,1.2642842210206824
lighting,1.2539417075354127
theory,1.2539417075354127
application,1.2539417075354127
videography,1.2539417075354127
become,1.2518676453928672
entrepreneur,1.2438311316442154
face,1.2342196922021518
hands,1.2342196922021518
agile,1.2341636667212004
scrum,1.2341636667212004
tanpa,1.232965571954529
pengembangan,1.232563208377812
coffee,1.232563208377812
non,1.2320476936511082
potensi,1.2082242849376106
rencana,1.2082242849376106
mengenali,1.2082242849376106
kewirausahaan,1.2082242849376106
profesi,1.2009945705812786
eksplorasi,1.2009945705812786
developing,1.1996312177356478
memaksimalkan,1.193805201226889
warna,1.1883025965998701
menarik,1.1856599931317897
instalasi,1.184978763304846
hubungan,1.1826734211261987
rillakkuma,1.1826734211261987
audiens,1.1826734211261987
rice,1.1826734211261987
kedai,1.173375754622636
kekinian,1.173375754622636
brodo,1.1713273597899738
sample,1.1624734323294743
imaging,1.1605706406847425
mmac,1.1572420445186613
proper,1.1547005383792515
hand,1.1547005383792515
sanitizer,1.1547005383792515
mencari,1.1375131991260994
matah,1.1338934190276817
salmon,1.1338934190276817
fish,1.1338934190276817
lodeh,1.1338934190276817
galore,1.1338934190276817
sambal,1.1338934190276817
dory,1.1338934190276817
snapseed,1.1289983104831094
protestan,1.1215774468143302
interaktif,1.121238585439113
dashboard,1.121238585439113
kecil,1.1195336867785266
perangkat,1.1188038312436488
pada,1.1169028874423603
audio,1.1168430687063753
produksi,1.1168430687063753
what,1.1143475811133174
akad,1.1133737442300184
optimization,1.1022602865549895
jaringan,1.0976059350619325
find,1.0912371802592207
pitch,1.0912371802592207
investor,1.0912371802592207
think,1.0888312288112987
analysis,1.0784341209076638
statistics,1.0784341209076638
deep,1.0784341209076638
life,1.0635572981496104
story,1.0635572981496104
menemukan,1.0595588698253633
jajanan,1.0589704690592288
tka,1.0580587735539717
cinta,1.055300558628324
pengolah,1.0550744568885138
cups,1.0549656444513102
super,1.0549656444513102
heroes,1.0549656444513102
mobile,1.0538956841673732
lazada,1.0472757933775112
keunggulan,1.0426696123527004
mendapatkan,1.0416651396872478
postpartum,1.0416651396872478
dollar,1.0416651396872478
freelance,1.0416651396872478
traditional,1.0416651396872478
products,1.0416651396872478
resume,1.0398619337322978
unggul,1.0382928924963073
regular,1.0381820427404442
inibudi,1.0364043955895188
certifia,1.0296183907124115
cipta,1.0296183907124115
telkom,1.0296183907124115
director,1.0249816638307028
le,1.0180042111208167
tres,1.0180042111208167
ches,1.0180042111208167
perkantoran,1.0078138520562323
deals,1.0072696566212151
close,1.0072696566212151
berhasil,1.0063380672928053
karakter,1.004855140046208
modelling,1.0
iot,1.0
solid,1.0
lotion,1.0
cybersecurity,1.0
stick,1.0
pitching,1.0
perfume,1.0
general,1.0
human,0.9982526643693646
meyakinkan,0.9968887326143782
lain,0.9968887326143782
resep,0.9950145815464464
seleksi,0.9909230982495092
pagi,0.9879051638580947
mahir,0.9860197561204309
karier,0.9856422217306273
network,0.9851036019365909
secrets,0.9838588577391149
weapons,0.9838588577391149
product,0.98184134279251
get,0.9795131803996435
personal,0.9697282180466817
distribution,0.9652434664218742
zivanna,0.9600243579893176
letisha,0.9600243579893176
juara,0.9600243579893176
fakta,0.9597701666275282
bangsa,0.9596933660162049
shop,0.9525665903265359
tools,0.9517367973119601
cita,0.9462892725560261
pekerja,0.9354713562199477
wawasan,0.9349550835924166
kebangsaan,0.9349550835924166
lingkungan,0.9337244115905146
zero,0.9301213805593
ios,0.9301213805593
developer,0.9301213805593
pro,0.9301213805593
sih,0.9300259597086782
apa,0.9300259597086782
itu,0.9300259597086782
pribadi,0.929567185666015
jam,0.9282917446655337
eksis,0.9246071799596536
my,0.9246071799596536
higher,0.9244454323516393
score,0.9163823949971938
across,0.9117057380665375
generation,0.9117057380665375
leading,0.9117057380665375
lean,0.9117057380665375
susu,0.909909582983969
karir,0.9066871361162974
one,0.9040823349111823
luar,0.8976307202785033
pack,0.8963039776776933
atraktif,0.8963039776776933
mendesain,0.8963039776776933
panduan,0.8961441063551345
produktif,0.8912780567713701
youtube,0.8906221570572874
short,0.8901338476841711
kuliner,0.8842554208258719
proposition,0.8842554208258719
value,0.8842554208258719
menuju,0.8780281377641035
berkarir,0.8757062105025273
prototype,0.8700765382468871
harus,0.8695838528107849
tau,0.8695838528107849
badan,0.8695838528107849
menentukan,0.8695838528107849
sites,0.8671239835445144
drive,0.8671239835445144
gratis,0.8671239835445144
wajib,0.8628471269517063
memenangkan,0.8549750606467891
gen,0.8549750606467891
hati,0.8549750606467891
career,0.8547166353863592
medis,0.8487489763868435
cpr,0.8487489763868435
kalangan,0.8487489763868435
pembelajaran,0.8485500271332937
jarak,0.8485500271332937
jauh,0.8485500271332937
startup,0.8479429547220596
millennial,0.8463778592924299
bundling,0.8463778592924299
series,0.8463778592924299
literacy,0.8463778592924299
analisis,0.8431604799052952
kelola,0.8415267894559273
sekarang,0.8386307790874896
presentation,0.8366867899873982
baik,0.8366867899873982
memberi,0.8366867899873982
asean,0.8340535397585139
ai,0.8340082740824903
help,0.8340082740824903
against,0.8340082740824903
artikel,0.8325508781412414
sebagai,0.8298737157514109
berkualitas,0.8256458859786007
perubahan,0.8146894239304701
pelajari,0.8125506346731484
eksekusi,0.8115473697249742
kiat,0.8115473697249742
kritis,0.8086663361198012
tourism,0.8082034234251836
darurat,0.8077401481660322
verb,0.8018996909519611
uang,0.7959629561520838
strategis,0.7818407094876005
komersil,0.7818407094876005
level,0.7689923067792334
butter,0.7585078782661858
massage,0.7585078782661858
oil,0.7585078782661858
step,0.7580738296180825
logo,0.7519782150599551
berkelanjutan,0.7519782150599551
puff,0.7519782150599551
pengusaha,0.7408374968578468
wellbeing,0.7408374968578468
ayu,0.7308206520325102
karya,0.7308206520325102
utami,0.7308206520325102
beasiswa,0.7305761267365427
are,0.7296176228353852
world,0.7266675663227694
tujuan,0.7238365590989974
menit,0.7166974208026663
energi,0.7071067811865476
disruption,0.7071067811865476
keren,0.7071067811865476
pertemuan,0.7071067811865476
mari,0.7071067811865476
keeping,0.7071067811865476
post,0.7071067811865476
packet,0.7071067811865476
masjidku,0.7071067811865476
stunning,0.7071067811865476
outer,0.7071067811865476
karate,0.7071067811865476
statistika,0.7071067811865476
janji,0.7071067811865476
tracer,0.7071067811865476
bermain,0.7071067811865476
smb,0.7071067811865476
sman,0.7071067811865476
house,0.7071067811865476
sastra,0.7071067811865476
membacakan,0.7071067811865476
youth,0.7071067811865476
functional,0.7071067811865476
musik,0.7071067811865476
serunya,0.7071067811865476
fitness,0.7071067811865476
transformasi,0.7071067811865476
voice,0.7071067811865476
cerita,0.7071067811865476
pemetaan,0.7071067811865476
pengelolaan,0.7071067811865476
aset,0.7071067811865476
main,0.7071067811865476
peluang,0.7071067811865476
sprint,0.701085408733374
canvasing,0.6989522929867849
mengenal,0.6937508618695595
statistik,0.6927588928215673
coaching,0.6910553718113148
kerekayasaan,0.6854405081872632
channel,0.6826117094858012
prancis,0.6772088575982794
konsep,0.6749177723991743
stack,0.6742458090736787
quik,0.6575242192334181
kontrak,0.6519782226976145
memengaruhi,0.6519168576419759
killer,0.6506700520793928
promote,0.6487244049326416
kubernetes,0.6479405756474642
artificial,0.6479405756474642
petugas,0.6479405756474642
murid,0.645811960042552
pengetikan,0.6432176562918195
mengoptimalkan,0.6407727884994467
wibawa,0.6398294480391067
karisma,0.6398294480391067
persuasif,0.6345532308872255
pemahaman,0.6331613133458952
dokumentasi,0.6331613133458952
sertifikasi,0.6331613133458952
pwc,0.6329921277553816
auditor,0.6329921277553816
rantai,0.6316145251752835
pasok,0.6316145251752835
nonton,0.6308084623544462
networking,0.6285776523355062
memperluas,0.6285776523355062
brosur,0.6278423816024201
mug,0.6263931697292111
kaos,0.6263931697292111
coreldraw,0.6263931697292111
distro,0.6263931697292111
banner,0.6263931697292111
manipulasi,0.6263931697292111
mudahnya,0.6263931697292111
pin,0.6263931697292111
produktivitas,0.6235010876913955
platform,0.6232500042632618
aktivitas,0.6230998486821422
contoh,0.6230998486821422
siaga,0.6213145304993458
parenting,0.6213145304993458
mengajar,0.6213145304993458
institusi,0.618570201982364
peranan,0.618570201982364
workbook,0.6184199818749853
serba,0.6159329810024755
serbi,0.6159329810024755
mental,0.6149861506280843
penyiaran,0.6129694832669591
pertelevisian,0.6129694832669591
training,0.6128845795824706
layanan,0.6128845795824706
bekerja,0.610045094256967
night,0.6088964423026371
new,0.6080572764716653
percaka,0.6068078157047119
python,0.6035521571203302
meraup,0.6035048415650851
fundamentals,0.6010114045143503
pemesanan,0.6010114045143503
hotel,0.6010114045143503
software,0.6010114045143503
berkarya,0.6004790284833085
team,0.5997136679835252
faster,0.5989473130122869
resource,0.5989473130122869
ide,0.5964045081005225
simpanan,0.5952777500415757
penjaminan,0.5952777500415757
hardskill,0.5952777500415756
softskill,0.5952777500415756
penutupan,0.5905463297121859
sukseskan,0.5889015675331878
asing,0.587851455239168
angka,0.587851455239168
offline,0.587851455239168
penguasaan,0.587851455239168
spreadsheet,0.587851455239168
jual,0.587851455239168
graduate,0.5809335974795439
instructional,0.5805929526483403
digitalisasi,0.5805929526483403
peran,0.5794948832768525
dokumen,0.5784652823543779
berakhlak,0.5773502691896257
da,0.5773502691896257
net,0.5773502691896257
milenial,0.5773502691896257
intern,0.5773502691896257
pemrograman,0.5773502691896257
ferrero,0.5773502691896257
nutrifood,0.5773502691896257
panen,0.5773502691896257
ayo,0.5773502691896257
chocolate,0.5773502691896257
cheesecake,0.5773502691896257
orderan,0.5773502691896257
melek,0.5773502691896257
mulia,0.5773502691896257
core,0.5773502691896257
internet,0.5773502691896257
pr,0.5773502691896257
path,0.5761995614827361
plan,0.5761995614827361
tipografi,0.5743500880876943
pahami,0.5736339108247623
bread,0.5736339108247623
komputer,0.5726647237008132
teknisi,0.5726647237008132
powerpoint,0.568450670942832
ppt,0.568450670942832
shoe,0.5665443577409328
dipromosikan,0.5660515082621413
kawan,0.5627899908557733
kamusmk,0.5627899908557733
students,0.5624924832475502
professionals,0.5624924832475502
effective,0.5596806082527072
wireframing,0.5596806082527072
tua,0.5573054488226713
biasa,0.5557400474429152
keberhasilan,0.550533755084341
proses,0.550533755084341
tangguh,0.5497033203083677
penting,0.5468422597681589
mempersiapkan,0.5468422597681589
balik,0.5467043282367257
pencitraan,0.5461527656170097
portofolio,0.5461527656170097
jutaan,0.5461166925919334
hanya,0.5461166925919334
function,0.546064820911753
router,0.5456342855726716
pengadaan,0.539956256868127
barang,0.539956256868127
menyelesaikan,0.5389517755059297
siapapun,0.5389517755059297
konflik,0.5389517755059297
promosi,0.5357303236037586
purposes,0.5357303236037586
disrupsi,0.5344656649899291
respons,0.5331266625084665
masukan,0.5331266625084665
pemberian,0.5331266625084665
more,0.532345689326251
kata,0.5281607282112377
processing,0.5281607282112377
kemajuan,0.5277459652369771
memanfaatkan,0.5277459652369771
menghadapi,0.5256051462693013
lainnya,0.5256051462693013
memasarkan,0.5240664436082413
kewajiban,0.5226031211920684
hak,0.5226031211920684
siber,0.5226031211920684
kompetensi,0.5225505012195
komplit,0.5225505012195
intelegensi,0.5174600582316228
innovation,0.5166966563504698
creative,0.5166966563504698
lanjut,0.5166546114001154
sampai,0.514246174430039
closing,0.514246174430039
strategist,0.5125456177285832
ragam,0.5115090196204056
hias,0.5115090196204056
tekstil,0.5115090196204056
lanin,0.5113468081923606
ivan,0.5113468081923606
pembawa,0.5100483539285535
acara,0.5100483539285535
food,0.5084253648555856
beverage,0.5084253648555856
batch,0.5074136773017784
konsumsi,0.5067742706873072
ramah,0.5067742706873072
wwf,0.5067742706873072
tour,0.5035966794273903
guide,0.5035966794273903
uji,0.5020890170199592
berkah,0.5010983030559477
employees,0.5
embracing,0.5
negativity,0.5
coach,0.5
maximum,0.5
optimism,0.5
releasing,0.5
achievement,0.5
engine,0.499128494051788
search,0.499128494051788
menunjang,0.4969236682102171
pbt,0.49521230733903904
artist,0.4950381726015405
makeup,0.4950381726015405
wahyu,0.491489758039549
lebih,0.48976824349343073
waktu,0.48976824349343073
slide,0.4880258965759319
point,0.4880258965759319
puluhan,0.4879122440637907
kepercayaan,0.48764843235324357
wti,0.487556674865355
lppk,0.487556674865355
dapatkan,0.4842327176805262
diinginkan,0.4842327176805262
apapun,0.4842327176805262
database,0.483652450135686
handal,0.483652450135686
admin,0.483652450135686
intelegensia,0.4834141429508489
terbaik,0.48178702490728376
panggilan,0.48087907691921644
nlp,0.47890534454700096
proyek,0.47831022778592486
anti,0.4758107678372454
sasaran,0.4758107678372454
nganggur,0.4758107678372454
ilustrator,0.4756043964833053
lesson,0.47409740425451447
getting,0.47409740425451447
terbukti,0.4739146061356597
copywriting,0.4739146061356597
karakteristik,0.472354683584396
pengacara,0.4716265922864979
assegaf,0.4716265922864979
partners,0.4716265922864979
hamzah,0.4716265922864979
kasus,0.47102407032940813
integrasi,0.47102407032940813
studi,0.47102407032940813
hoaks,0.46849909392490924
bedakan,0.46849909392490924
kondisi,0.46751941231682687
fotografer,0.4674920216202638
camera,0.4674920216202638
sederhana,0.4674920216202638
yuuk,0.4674920216202638
turis,0.46702344720120625
tur,0.46702344720120625
pemandu,0.46702344720120625
hard,0.4664990177844081
strategic,0.4659209211021412
pend,0.46464850764152354
katolik,0.46464850764152354
horenso,0.4631677886115481
perusahaan,0.4631677886115481
etos,0.4631677886115481
memahami,0.4631677886115481
ika,0.46313115634960433
bhinneka,0.46313115634960433
tunggal,0.46313115634960433
relationship,0.461365535917154
maintain,0.461365535917154
manajer,0.4611230438261513
mixing,0.4598660261758631
indomusikgram,0.4598660261758631
lagu,0.4598660261758631
berkomunikasi,0.4575837985761652
resources,0.45696123289591806
bekerjasama,0.45696123289591806
hingga,0.4551176487597883
designs,0.4547115874010406
just,0.4547115874010406
stress,0.4529871835806186
tetap,0.4529871835806186
berbagai,0.45204116745559114
berinvestasi,0.45204116745559114
ilmu,0.45204116745559114
soul,0.45204116745559114
pursuit,0.45204116745559114
kompeten,0.45204116745559114
sebelum,0.45204116745559114
hacks,0.45204116745559114
sets,0.45204116745559114
pasar,0.45204116745559114
fire,0.45204116745559114
situasi,0.45204116745559114
pos,0.4508820305775714
langsung,0.4508820305775714
motion,0.4477311189443792
after,0.4477311189443792
effect,0.4477311189443792
atas,0.4461678401622656
individu,0.4461678401622656
singkat,0.4461678401622656
nugrohoiif,0.44125706544326304
desainer,0.44125706544326304
pengguna,0.4398194614504245
digunakan,0.4398194614504245
konsultan,0.43539627601347847
solving,0.43539627601347847
memecahkan,0.43539627601347847
masalah,0.43539627601347847
kepuasan,0.43537109212845193
menciptakan,0.43537109212845193
mencapai,0.43537109212845193
deavialdo,0.43344852800771083
restoran,0.43344852800771083
simple,0.43344852800771083
negative,0.4324416944345025
hierarchy,0.4324416944345025
contrast,0.4324416944345025
alignment,0.4324416944345025
space,0.4324416944345025
proximity,0.4324416944345025
bermakna,0.43004015076905466
menyenangkan,0.43004015076905466
addressing,0.4291154560967959
operation,0.4291154560967959
layer,0.4291154560967959
gita,0.4262614807252573
savitri,0.4262614807252573
pencegahan,0.42092493374386875
alergi,0.42092493374386875
mitigasinya,0.42092493374386875
mengerti,0.42092493374386875
fasih,0.4163618601390016
baca,0.4163618601390016
mengaji,0.4163618601390016
quran,0.4163618601390016
al,0.4163618601390016
lepas,0.41567375032999593
penulis,0.41567375032999593
jurnalis,0.41567375032999593
cari,0.41567375032999593
kecerdasan,0.41182045787425947
emosi,0.41182045787425947
masyarakat,0.41120173462986687
ketenagakerjaan,0.41120173462986687
panjang,0.4078547403875686
rstudio,0.3988397106283398
awal,0.3988397106283398
sql,0.3988397106283398
keamanan,0.3966737932639931
bedah,0.3937349526669835
dilarang,0.3913616760261371
ciptakan,0.3905538771588366
sekedar,0.3905538771588366
mindset,0.3905538771588366
bukan,0.3905538771588366
ivy,0.3895310830376447
harvard,0.3895310830376447
diterima,0.3895310830376447
league,0.3895310830376447
jurus,0.3895310830376447
dana,0.3868732237003115
siapkan,0.3868732237003115
masa,0.3868732237003115
tenang,0.3868732237003115
going,0.38587900172738865
passenger,0.38587900172738865
clients,0.38587900172738865
or,0.38587900172738865
self,0.38587900172738865
driving,0.38587900172738865
driver,0.38587900172738865
time,0.38587900172738865
meet,0.38587900172738865
first,0.38587900172738865
stream,0.38022077176308783
pandemic,0.38022077176308783
during,0.38022077176308783
live,0.38022077176308783
menampilkan,0.3791911326195047
table,0.3791911326195047
pivot,0.3791911326195047
mengolah,0.3791911326195047
donny,0.3661386553110864
ruben,0.3661386553110864
oleh,0.3661386553110864
kondang,0.3661386553110864
banyak,0.3661386553110864
kerjaan,0.3661386553110864
pendek,0.36517577538354085
